{
  "$schema": "https://schema.management.azure.com/schemas/2018-05-01/subscriptionDeploymentTemplate.json#",
  "contentVersion": "1.0.0.0",
  "parameters": {
    "resourceGroupName": {
      "type": "string",
      "defaultValue": "DefaultResourceGroup-ITN",
      "metadata": {
        "_parameterType": "resourceGroup",
        "description": "Nome del gruppo di risorse per la risorsa. Per un rilevamento ottimale è consigliabile inserire le risorse nello stesso gruppo di risorse."
      }
    },
    "resourceGroupLocation": {
      "type": "string",
      "defaultValue": "italynorth",
      "metadata": {
        "_parameterType": "location",
        "description": "Percorso del gruppo di risorse. Il percorso dei gruppi di risorse può essere diverso rispetto a quello delle risorse."
      }
    },
    "resourceLocation": {
      "type": "string",
      "defaultValue": "[parameters('resourceGroupLocation')]",
      "metadata": {
        "_parameterType": "location",
        "description": "Percorso della risorsa. Per impostazione predefinita, usare il percorso del gruppo di risorse, a meno che non sia supportato il provider di risorse."
      }
    }
  },
  "resources": [
    {
      "type": "Microsoft.Resources/resourceGroups",
      "name": "[parameters('resourceGroupName')]",
      "location": "[parameters('resourceGroupLocation')]",
      "apiVersion": "2019-10-01"
    },
    {
      "type": "Microsoft.Resources/deployments",
      "name": "[concat(parameters('resourceGroupName'), 'Deployment', uniqueString(concat('OperaWebServerTest', subscription().subscriptionId)))]",
      "resourceGroup": "[parameters('resourceGroupName')]",
      "apiVersion": "2019-10-01",
      "dependsOn": [
        "[parameters('resourceGroupName')]"
      ],
      "properties": {
        "mode": "Incremental",
        "template": {
          "$schema": "https://schema.management.azure.com/schemas/2019-04-01/deploymentTemplate.json#",
          "contentVersion": "1.0.0.0",
          "resources": [
            {
              "name": "OperaWebAPI",
              "type": "Microsoft.ApiManagement/service",
              "location": "[parameters('resourceLocation')]",
              "properties": {
                "publisherEmail": "federicopinciaroli@gmail.com",
                "publisherName": "OperaWeb",
                "notificationSenderEmail": "apimgmt-noreply@mail.windowsazure.com",
                "hostnameConfigurations": [
                  {
                    "type": "Proxy",
                    "hostName": "operawebapi.azure-api.net",
                    "encodedCertificate": null,
                    "keyVaultId": null,
                    "certificatePassword": null,
                    "negotiateClientCertificate": false,
                    "certificate": null,
                    "defaultSslBinding": true
                  }
                ],
                "publicIPAddresses": [
                  "72.146.49.49"
                ],
                "privateIPAddresses": null,
                "additionalLocations": null,
                "virtualNetworkConfiguration": null,
                "customProperties": {
                  "Microsoft.WindowsAzure.ApiManagement.Gateway.Security.Protocols.Tls10": "False",
                  "Microsoft.WindowsAzure.ApiManagement.Gateway.Security.Protocols.Tls11": "False",
                  "Microsoft.WindowsAzure.ApiManagement.Gateway.Security.Protocols.Ssl30": "False",
                  "Microsoft.WindowsAzure.ApiManagement.Gateway.Security.Ciphers.TripleDes168": "False",
                  "Microsoft.WindowsAzure.ApiManagement.Gateway.Security.Backend.Protocols.Tls10": "False",
                  "Microsoft.WindowsAzure.ApiManagement.Gateway.Security.Backend.Protocols.Tls11": "False",
                  "Microsoft.WindowsAzure.ApiManagement.Gateway.Security.Backend.Protocols.Ssl30": "False",
                  "Microsoft.WindowsAzure.ApiManagement.Gateway.Protocols.Server.Http2": "False"
                },
                "virtualNetworkType": "None",
                "certificates": null,
                "disableGateway": false,
                "apiVersionConstraint": {
                  "minApiVersion": null
                }
              },
              "sku": {
                "name": "Premium",
                "capacity": 2
              },
              "apiVersion": "2019-12-01"
            },
            {
              "type": "Microsoft.ApiManagement/service/apis",
              "name": "OperaWebAPI/OperaWebServerTest",
              "properties": {
                "displayName": "OperaWebServerTest",
                "apiRevision": "1",
                "description": null,
                "subscriptionRequired": true,
                "serviceUrl": null,
                "path": "",
                "protocols": [
                  "https"
                ],
                "authenticationSettings": {
                  "oAuth2": null,
                  "openid": null
                },
                "subscriptionKeyParameterNames": {
                  "header": "Ocp-Apim-Subscription-Key",
                  "query": "subscription-key"
                },
                "isCurrent": true
              },
              "apiVersion": "2019-12-01",
              "dependsOn": [
                "OperaWebAPI"
              ]
            }
          ]
        }
      }
    }
  ],
  "metadata": {
    "_dependencyType": "apis.azure"
  }
}